first_name,last_name,phone,email,city,zipcode,website,company
Isac,Wiza,1-755-747-3168 x91993,Kiana_Beer94@yahoo.com,West Glenside,11771,ryleigh.org,Terry LLC
Luisa,McClure,(082) 622-4926,Brant.Orn@gmail.com,Marcellehaven,56717-5091,stephany.info,"Kertzmann, Jenkins and Brakus"
Germaine,O'Conner,537-007-1268 x8801,Kavon_Witting54@yahoo.com,West Emanuel,28650,misty.info,Gottlieb LLC
June,Paucek,593.640.4176,Vincenzo.Gulgowski@yahoo.com,Kalliemouth,18595-6049,gideon.com,Rosenbaum LLC
Dahlia,Osinski,1-555-636-5549 x135,Angie_Feil21@hotmail.com,Clementinaport,74853,donato.name,"Rolfson, Gerlach and Thiel"
Tiara,Howell,(093) 030-3035 x52848,Olaf36@hotmail.com,Selinaton,53105-7965,lambert.com,"Corwin, Goyette and Homenick"
Misael,Morissette,083-563-6972,Erick65@gmail.com,Dickinsonstad,61685-8180,quentin.com,Altenwerth - Blick
Arjun,Cremin,1-110-173-0244,Lon_Reichert@gmail.com,East Leslie,73596-5756,trevion.name,Mertz Group
Laverne,Bosco,(424) 415-3914 x972,Noah_Gottlieb@yahoo.com,East Charleyville,35990-2402,kelvin.com,Mraz Inc
Concepcion,Tremblay,1-594-109-3148 x8778,George_Simonis64@yahoo.com,Inesside,64236-4288,german.info,Connelly - Bashirian
Gabriel,Hansen,544-406-3343 x4917,King97@gmail.com,Harrisonland,00226-5586,annetta.net,"D'Amore, Hoppe and Smith"
Watson,Gottlieb,1-030-701-9138 x398,Jadyn.Parker70@yahoo.com,North Colleen,95741,johnathan.info,Doyle - Langworth
Vidal,Buckridge,(143) 123-6425 x18578,Jeffry20@hotmail.com,Fritschview,81640,khalid.net,Dooley - Paucek
Brenna,Kreiger,120.283.4000,Ahmad76@yahoo.com,Armanistad,09282,kristian.org,"Turner, Schuppe and Beatty"
Conor,Schuppe,417-608-9455,Marlen.Bogan70@yahoo.com,Josefamouth,45417-2556,myah.name,"Stiedemann, Hessel and Von"
Lenna,Waelchi,1-534-596-7536 x052,Jeramy84@hotmail.com,Havenshire,66349,rashad.biz,Farrell LLC
Braeden,Johns,(432) 725-7558,Dee.MacGyver@gmail.com,Rauville,07730,stefan.name,Considine - Mosciski
Stevie,Daugherty,571.365.2972,Ignatius_Reynolds@gmail.com,Uniqueborough,09364,laney.net,Emmerich - Witting
Pink,Kemmer,(381) 954-4516,Kade.Zemlak@yahoo.com,Kilbackchester,93158,else.net,Bashirian and Sons
Emmanuel,Konopelski,1-467-165-0235,Malcolm85@gmail.com,Enriqueburgh,12196-8254,geovanni.net,"Mosciski, Hagenes and Johnson"
Roel,Kuhn,1-643-324-1870 x289,Florian50@gmail.com,Laurenceville,04614-3298,nelle.biz,"Tillman, Rohan and Maggio"
Fern,Little,213-108-9113 x308,Dino_Pfannerstill57@yahoo.com,Port Jefffurt,56620,max.info,"Rosenbaum, Mueller and Block"
Lela,Brekke,237-072-1597 x49519,Odessa95@gmail.com,Loweberg,12037,carli.org,Weimann - Luettgen
Melvina,Huel,693-221-8495 x5168,Marcel_Streich@yahoo.com,Boscoview,47023,dana.info,Mohr LLC
Baron,Jast,374.628.4915 x913,Colton76@hotmail.com,South Ruben,75669-9341,frida.net,"Herman, Hickle and Oberbrunner"
Jalon,Wilderman,090.413.3037 x92589,Carlee37@yahoo.com,Oberbrunnerstad,04536-5049,rafael.info,Lehner - Quigley
Berta,Conroy,1-360-728-4409 x613,River_Beer87@yahoo.com,Leschtown,75409-6133,abigail.biz,Dicki - Tremblay
Raquel,Bergnaum,195.306.9548,Vickie46@hotmail.com,Ritchiehaven,75222,burley.org,Schumm Inc
Meggie,Schuster,898-947-8460 x234,Ramiro.Wunsch46@gmail.com,Jessicaville,29256-1661,leonor.org,"Feest, Schuster and Hettinger"
Hadley,McGlynn,(030) 375-8590,Loyce96@yahoo.com,Dudleyside,19451-9010,charley.name,Doyle - Jaskolski
Donavon,Gutkowski,(445) 201-3914,Darryl58@yahoo.com,South Angus,01614,estelle.org,Hermann - Powlowski
Zackery,Dickinson,(896) 069-1129 x6596,Cecelia29@yahoo.com,Port Diego,33137,elroy.com,"Hoeger, Nikolaus and Schaefer"
Name,Johnston,(213) 904-8526 x3293,Destiny_Brakus@gmail.com,Elwinstad,74327-1160,kadin.com,Waelchi - Sporer
Emelia,Crona,978-252-4323 x371,Green.Brown43@yahoo.com,Binstown,84686-5369,geovanni.biz,Nader Group
Marjolaine,Rohan,(946) 505-8851 x878,Lempi.Carroll@gmail.com,Langoshton,90262,nya.info,Shields Group
Madeline,Schoen,532.845.6751,Yasmeen.Greenfelder@hotmail.com,Lake Elwin,26484-5670,janis.org,Gleichner LLC
Kale,Steuber,1-969-729-3833 x400,Oral_Kertzmann@yahoo.com,Kunzeborough,91741-1122,leonora.com,Casper - Vandervort
Damion,Ledner,286-942-3506 x29482,Hans_Davis@yahoo.com,Schimmelstad,99807,edyth.name,Bauch - D'Amore
Maurine,Rodriguez,316-737-3092,Zachary.Schumm@yahoo.com,Stromanhaven,15539-5350,sebastian.com,Gerhold LLC
Edison,Dibbert,(989) 061-4557 x0856,Santina_Roob@hotmail.com,East Aracelyton,64398,ludie.biz,Berge - Morissette
Bridgette,Rosenbaum,(904) 095-2330 x45595,Sonia_OConner9@gmail.com,South Trent,61347,isom.org,"Blick, Haley and Auer"
Jeanie,Kunze,307.307.7719 x963,Samanta_Rempel@hotmail.com,New Carson,43449-1991,rogers.biz,"Hills, Roob and Weber"
Meaghan,Predovic,1-856-873-4011 x26945,Rashad_Jerde0@hotmail.com,Port Milesshire,78833-0234,osvaldo.com,Runte and Sons
Wilhelm,Durgan,1-300-636-6857 x55503,Javonte12@gmail.com,Feltonfurt,91771,moriah.info,Boyer Group
Nicola,Keebler,1-667-694-3113,Annette_Wehner@yahoo.com,Wittingfort,02409-7563,hollie.biz,"MacGyver, Ernser and Stanton"
Viola,Hermann,(120) 349-9789 x260,Jose_Schamberger39@yahoo.com,Mantetown,38596,reagan.org,Collins - Macejkovic
D'angelo,Veum,040-986-0968 x38410,Melvina.Barton94@hotmail.com,East Brian,09874,baylee.biz,McDermott Group
Adrianna,Hudson,058-210-2859,Gardner8@hotmail.com,North Ayla,78072-4333,manley.info,Sauer - Osinski
Brittany,Bernhard,(298) 009-5237,Wayne.Zemlak@hotmail.com,Hillsmouth,11206-3329,emmitt.info,Lockman Group
,,,,,,,
egon,gonzalez,5345435,defrere,345345345r,ret,r,ter
